Pin_title,Pin_description,Website_link,Media_url,Board_id,Alt_text
"25 Best Detox Smoothie Recipes for a Fresh, Light Morning","This roundup of detox smoothie recipes brings bright flavors, simple prep, and feel-good ingredients. Expect green smoothie favorites, spinach smoothie blends, and healthy drinks that fit a smoothie diet without feeling boring.",https://gatheringdreams.com/detox-smoothie-recipes/,https://danielepemy.github.io/GDautoTW/images/detox-smoothie-pin-1.jpg,681873268521137033,Collage of detox smoothie images featuring detox smoothie recipes and green smoothies
My Go-To List of 25 Detox Smoothies When I Want to Reset,"When I’m craving a gut cleanse drink, I rotate through these detox smoothie recipes. They’re quick smoothies with greens, fruit, and a veggie smoothie base—perfect as health drinks when my healthy lifestyle habits need a little nudge.",https://gatheringdreams.com/detox-smoothie-recipes/,https://danielepemy.github.io/GDautoTW/images/detox-smoothie-pin-10.jpg,681873268520622950,Collage of detox smoothie images featuring detox smoothie recipes and green smoothies
25 Green Detox Smoothie Recipes That Actually Taste Amazing,"Looking for a best green smoothie lineup that feels refreshing? These green detox smoothie picks mix leafy greens with naturally sweet flavors. You’ll find green smoothie recipes, easy smoothie recipes, and healthy juice drinks that feel like a treat.",https://gatheringdreams.com/detox-smoothie-recipes/,https://danielepemy.github.io/GDautoTW/images/detox-smoothie-pin-100.jpg,681873268521706638,Collage of detox smoothie images featuring detox smoothie recipes and green smoothies
I Tried 25 Detox Smoothies—These Are the Ones I’d Make Again,"I love how these detox smoothie recipes balance flavor and function. When I want a slim down drink vibe, I reach for a fat burner smoothie style blend or a spinach smoothie. They’re my favorite health smoothies.",https://gatheringdreams.com/detox-smoothie-recipes/,https://danielepemy.github.io/GDautoTW/images/detox-smoothie-pin-101.jpg,681873268521714857,Collage of detox smoothie images featuring detox smoothie recipes and green smoothies
25 Easy Detox Smoothie Recipes for Busy Weekdays,"Short on time but still want healthy drinks? This list packs detox smoothie recipes and quick smoothies that come together fast. Think smoothie ideas with greens, fruit, and a vegetable smoothie twist—perfect for a healthy lifestyle rhythm.",https://gatheringdreams.com/detox-smoothie-recipes/,https://danielepemy.github.io/GDautoTW/images/detox-smoothie-pin-102.jpg,681873268520622949,Collage of detox smoothie images featuring detox smoothie recipes and green smoothies
25 Detox Smoothie Recipes I Keep in My “Feel Better” Rotation,"Whenever my energy dips, I lean on these detox smoothie recipes as easy energy drinks. I like mixing green smoothie blends with a gut cleanse drink approach—simple ingredients, bright taste, and a healthy drinks feel that’s not heavy.",https://gatheringdreams.com/detox-smoothie-recipes/,https://danielepemy.github.io/GDautoTW/images/detox-smoothie-pin-103.jpg,681873268520632128,Collage of detox smoothie images featuring detox smoothie recipes and green smoothies
"25 Best Smoothie Recipes for a Clean, Glowy Kind of Day","These best smoothie recipes focus on fresh produce and satisfying texture. You’ll see detox smoothie recipes, health smoothies, and green smoothie favorites that fit a smoothie diet mindset. Great when you want health drinks that feel light but filling.",https://gatheringdreams.com/detox-smoothie-recipes/,https://danielepemy.github.io/GDautoTW/images/detox-smoothie-pin-104.jpg,681873268520622951,Collage of detox smoothie images featuring detox smoothie recipes and green smoothies
"My Favorite 25 Green Smoothies for a Lighter, Happier Morning","I’m a sucker for a good green smoothie, and this set nails it. These green smoothie recipes include spinach smoothie classics and green detox smoothie combos that feel like healthy juice drinks—bright, smooth, and easy to keep in a healthy lifestyle.",https://gatheringdreams.com/detox-smoothie-recipes/,https://danielepemy.github.io/GDautoTW/images/detox-smoothie-pin-105.jpg,681873268522010352,Collage of detox smoothie images featuring detox smoothie recipes and green smoothies
25 Detox Smoothie Recipes That Don’t Taste “Too Healthy”,"If you want detox smoothie recipes that are genuinely enjoyable, this roundup delivers. It’s packed with smoothie ideas, easy smoothie recipes, and healthy drinks using fruit-forward flavors plus greens. A tasty way to support healthy lifestyle habits.",https://gatheringdreams.com/detox-smoothie-recipes/,https://danielepemy.github.io/GDautoTW/images/detox-smoothie-pin-106.jpg,681873268521602503,Collage of detox smoothie images featuring detox smoothie recipes and green smoothies
I Use These 25 Detox Smoothies as My Quick “Reset” Drinks,"When I need a simple gut cleanse drink, I blend one of these detox smoothie recipes. Many double as quick smoothies for hectic mornings, with veggie smoothie ingredients and green smoothie add-ins that make them feel like real health drinks.",https://gatheringdreams.com/detox-smoothie-recipes/,https://danielepemy.github.io/GDautoTW/images/detox-smoothie-pin-107.jpg,681873268520666744,Collage of detox smoothie images featuring detox smoothie recipes and green smoothies
"25 Detox Smoothie Recipes with Greens, Fruit, and Real Flavor","This collection of detox smoothie recipes highlights balance—sweet fruit, leafy greens, and creamy texture. Expect green smoothie recipes, spinach smoothie favorites, and healthy drinks that slide easily into a smoothie diet or a steady healthy lifestyle routine.",https://gatheringdreams.com/detox-smoothie-recipes/,https://danielepemy.github.io/GDautoTW/images/detox-smoothie-pin-108.jpg,681873268520641415,Collage of detox smoothie images featuring detox smoothie recipes and green smoothies
My List of 25 Slim-Down Style Smoothies That Still Feel Satisfying,"I like these blends when I’m craving a slim down drink that tastes good. This lineup includes fat burner smoothie style recipes, detox smoothie recipes with greens, and health smoothies that feel like a treat—without losing that healthy drinks vibe.",https://gatheringdreams.com/detox-smoothie-recipes/,https://danielepemy.github.io/GDautoTW/images/detox-smoothie-pin-109.jpg,681873268520652475,Collage of detox smoothie images featuring detox smoothie recipes and green smoothies
"25 Detox Smoothie Recipes for a Simple, Clean Morning Routine","Want healthier mornings without complicated prep? These detox smoothie recipes include quick smoothies, easy smoothie recipes, and green detox smoothie options. They’re refreshing health drinks with veggie smoothie ingredients that match realistic healthy lifestyle habits.",https://gatheringdreams.com/detox-smoothie-recipes/,https://danielepemy.github.io/GDautoTW/images/detox-smoothie-pin-11.jpg,681873268521137033,Collage of detox smoothie images featuring detox smoothie recipes and green smoothies
I’m Obsessed with These 25 Green Detox Smoothies for Busy Weeks,"I keep this list around for weeks when cooking feels like a lot. These green detox smoothie recipes work as quick smoothies, with spinach smoothie options and healthy drinks flavors. They’re my favorite way to stay in a healthy lifestyle groove.",https://gatheringdreams.com/detox-smoothie-recipes/,https://danielepemy.github.io/GDautoTW/images/detox-smoothie-pin-110.jpg,681873268520622950,Collage of detox smoothie images featuring detox smoothie recipes and green smoothies
25 Detox Smoothie Recipes That Feel Like a Mini “Cleanse”,"This roundup leans into fresh, hydrating blends that feel like a gut cleanse drink—without being harsh. You’ll find detox smoothie recipes, green smoothie ideas, and healthy juice drinks using wholesome produce and simple add-ins.",https://gatheringdreams.com/detox-smoothie-recipes/,https://danielepemy.github.io/GDautoTW/images/detox-smoothie-pin-111.jpg,681873268521706638,Collage of detox smoothie images featuring detox smoothie recipes and green smoothies
"The 25 Detox Smoothies I Make When I Want More Energy, Less Slump","I reach for these as homemade energy drinks when afternoons drag. They’re detox smoothie recipes with green smoothie ingredients, plus veggie smoothie options that keep me full. It’s a simple healthy drinks habit that fits my healthy lifestyle.",https://gatheringdreams.com/detox-smoothie-recipes/,https://danielepemy.github.io/GDautoTW/images/detox-smoothie-pin-112.jpg,681873268521714857,Collage of detox smoothie images featuring detox smoothie recipes and green smoothies
25 Best Green Smoothie Picks for a Fresh Start,"If “best green smoothie” is your love language, you’ll enjoy this list. These green smoothie recipes include spinach smoothie blends and green detox smoothie combos that taste bright and creamy. Great for anyone collecting smoothie ideas and healthy drinks.",https://gatheringdreams.com/detox-smoothie-recipes/,https://danielepemy.github.io/GDautoTW/images/detox-smoothie-pin-113.jpg,681873268520622949,Collage of detox smoothie images featuring detox smoothie recipes and green smoothies
"I Keep These 25 Detox Smoothies on Repeat for Easy, Healthy Mornings",I’m all about easy smoothie recipes that don’t require fancy steps. This set of detox smoothie recipes includes green smoothie and vegetable smoothie options that feel refreshing. They work beautifully as health drinks when I’m focused on healthy lifestyle habits.,https://gatheringdreams.com/detox-smoothie-recipes/,https://danielepemy.github.io/GDautoTW/images/detox-smoothie-pin-114.jpg,681873268520632128,Collage of detox smoothie images featuring detox smoothie recipes and green smoothies
"25 Detox Smoothie Recipes with Spinach, Citrus, and Sweet Fruit Notes","These detox smoothie recipes highlight bright flavors and simple ingredients. Look for spinach smoothie staples, green smoothie recipes, and healthy juice drinks with a refreshing finish. A delicious way to keep health drinks interesting while staying aligned with a healthy lifestyle.",https://gatheringdreams.com/detox-smoothie-recipes/,https://danielepemy.github.io/GDautoTW/images/detox-smoothie-pin-115.jpg,681873268520622951,Collage of detox smoothie images featuring detox smoothie recipes and green smoothies
My 25 Favorite Smoothie Diet Drinks That Don’t Feel Like “Diet”,"I like a smoothie diet approach only when it tastes indulgent. These detox smoothie recipes include fat burner smoothie style blends, quick smoothies, and creamy green smoothie options. They’re the kind of health smoothies I’m happy to sip any day.",https://gatheringdreams.com/detox-smoothie-recipes/,https://danielepemy.github.io/GDautoTW/images/detox-smoothie-pin-116.jpg,681873268522010352,Collage of detox smoothie images featuring detox smoothie recipes and green smoothies
"25 Detox Smoothie Recipes for Gut-Friendly, Feel-Good Sipping","Want a gentler gut cleanse drink style option? This roundup shares detox smoothie recipes featuring greens, fruit, and fiber-friendly ingredients. You’ll see green detox smoothie picks, vegetable smoothie blends, and healthy drinks that support steady healthy lifestyle habits.",https://gatheringdreams.com/detox-smoothie-recipes/,https://danielepemy.github.io/GDautoTW/images/detox-smoothie-pin-117.jpg,681873268521602503,Collage of detox smoothie images featuring detox smoothie recipes and green smoothies
I Made a List of 25 Detox Smoothies for When I Feel “Off”,"When my routine feels messy, I go back to basics with these detox smoothie recipes. I love the green smoothie and spinach smoothie options, plus a few slim down drink style blends. They’re easy health drinks that fit busy mornings.",https://gatheringdreams.com/detox-smoothie-recipes/,https://danielepemy.github.io/GDautoTW/images/detox-smoothie-pin-118.jpg,681873268520666744,Collage of detox smoothie images featuring detox smoothie recipes and green smoothies
25 Detox Smoothie Recipes That Are Perfectly Creamy and Refreshing,"This collection of detox smoothie recipes is all about texture and taste. Expect easy smoothie recipes, smoothie ideas with greens, and healthy drinks that feel satisfying. From green smoothie favorites to veggie smoothie blends, there’s something for every mood.",https://gatheringdreams.com/detox-smoothie-recipes/,https://danielepemy.github.io/GDautoTW/images/detox-smoothie-pin-119.jpg,681873268520641415,Collage of detox smoothie images featuring detox smoothie recipes and green smoothies
These 25 Green Smoothies Are My Favorite “Light Lunch” Drinks,"I’m obsessed with how filling a good green smoothie can be. This lineup includes green smoothie recipes, detox smoothie recipes, and spinach smoothie blends that taste bright and smooth. They’re my go-to health smoothies when I want healthy drinks fast.",https://gatheringdreams.com/detox-smoothie-recipes/,https://danielepemy.github.io/GDautoTW/images/detox-smoothie-pin-12.jpg,681873268520652475,Collage of detox smoothie images featuring detox smoothie recipes and green smoothies
"25 Detox Smoothie Recipes for a Brighter, Lighter Morning Routine","Start your day with detox smoothie recipes that feel fresh and simple. This roundup includes quick smoothies, green detox smoothie options, and healthy juice drinks with fruit-and-greens balance. Great for building healthy lifestyle habits without overthinking breakfast.",https://gatheringdreams.com/detox-smoothie-recipes/,https://danielepemy.github.io/GDautoTW/images/detox-smoothie-pin-120.jpg,681873268521137033,Collage of detox smoothie images featuring detox smoothie recipes and green smoothies
I Swear by These 25 Detox Smoothies for an Easy “Glow-Up” Week,"I lean on these detox smoothie recipes when I want my week to feel cleaner. There are fat burner smoothie style blends, veggie smoothie options, and green smoothie recipes that taste great. They work as everyday health drinks in my healthy lifestyle.",https://gatheringdreams.com/detox-smoothie-recipes/,https://danielepemy.github.io/GDautoTW/images/detox-smoothie-pin-13.jpg,681873268520622950,Collage of detox smoothie images featuring detox smoothie recipes and green smoothies
25 Best Smoothie Recipes to Add More Greens Without the “Grass” Taste,"These best smoothie recipes sneak in leafy greens while keeping flavor front and center. You’ll find green smoothie recipes, spinach smoothie blends, and detox smoothie recipes that taste fruity and creamy. Perfect healthy drinks for anyone collecting smoothie ideas.",https://gatheringdreams.com/detox-smoothie-recipes/,https://danielepemy.github.io/GDautoTW/images/detox-smoothie-pin-14.jpg,681873268521706638,Collage of detox smoothie images featuring detox smoothie recipes and green smoothies
My 25 Quick Detox Smoothies for Mornings When I’m Running Late,"I don’t do complicated breakfasts, so these quick smoothies save me. This collection of detox smoothie recipes includes green detox smoothie blends, spinach smoothie classics, and easy smoothie recipes that feel like real health drinks—fast, tasty, and refreshing.",https://gatheringdreams.com/detox-smoothie-recipes/,https://danielepemy.github.io/GDautoTW/images/detox-smoothie-pin-15.jpg,681873268521714857,Collage of detox smoothie images featuring detox smoothie recipes and green smoothies
25 Detox Smoothie Recipes That Feel Like Healthy Juice Drinks,"If you love bright, juicy flavors, these detox smoothie recipes hit the spot. You’ll see healthy juice drinks vibes with blended greens, fruit, and citrus. A refreshing mix of green smoothie and veggie smoothie options for a steady healthy lifestyle.",https://gatheringdreams.com/detox-smoothie-recipes/,https://danielepemy.github.io/GDautoTW/images/detox-smoothie-pin-16.jpg,681873268520622949,Collage of detox smoothie images featuring detox smoothie recipes and green smoothies
I Keep These 25 Smoothie Diet Drinks for When I Want Something Light,"I like these as a smoothie diet friendly option when I’m craving a lighter drink. This list includes detox smoothie recipes, green smoothie blends, and a few slim down drink style favorites. They’re easy health drinks that still taste fun.",https://gatheringdreams.com/detox-smoothie-recipes/,https://danielepemy.github.io/GDautoTW/images/detox-smoothie-pin-17.jpg,681873268520632128,Collage of detox smoothie images featuring detox smoothie recipes and green smoothies
25 Green Detox Smoothie Recipes for When You Want a Fresh Reset,"This set of green detox smoothie blends is packed with vibrant produce. Expect green smoothie recipes, spinach smoothie staples, and easy smoothie recipes that keep mornings simple. These detox smoothie recipes are refreshing health drinks that support consistent healthy lifestyle habits.",https://gatheringdreams.com/detox-smoothie-recipes/,https://danielepemy.github.io/GDautoTW/images/detox-smoothie-pin-18.jpg,681873268520622951,Collage of detox smoothie images featuring detox smoothie recipes and green smoothies
I Made 25 Detox Smoothies That Feel Like Homemade Energy Drinks,"I like these blends when coffee isn’t cutting it. This collection of detox smoothie recipes includes green smoothie options, vegetable smoothie bases, and bright fruit combos. They’re my favorite health drinks for steady energy without feeling heavy or overly sweet.",https://gatheringdreams.com/detox-smoothie-recipes/,https://danielepemy.github.io/GDautoTW/images/detox-smoothie-pin-19.jpg,681873268522010352,Collage of detox smoothie images featuring detox smoothie recipes and green smoothies
25 Detox Smoothie Recipes That Make “Healthy” Taste Delicious,"These detox smoothie recipes focus on flavor first, with greens blended smoothly into fruity combos. You’ll find best green smoothie ideas, spinach smoothie favorites, and healthy drinks that work as quick smoothies. Great for building healthy lifestyle habits in a fun way.",https://gatheringdreams.com/detox-smoothie-recipes/,https://danielepemy.github.io/GDautoTW/images/detox-smoothie-pin-2.jpg,681873268521602503,Collage of detox smoothie images featuring detox smoothie recipes and green smoothies
My 25 Favorite Fat-Burner Style Smoothies That Taste Bright and Fresh,"I like a fat burner smoothie vibe when I want something crisp and light. These detox smoothie recipes include green detox smoothie blends and citrusy health drinks. They’re quick smoothies I rotate through, especially when I’m focusing on healthy lifestyle habits.",https://gatheringdreams.com/detox-smoothie-recipes/,https://danielepemy.github.io/GDautoTW/images/detox-smoothie-pin-20.jpg,681873268520666744,Collage of detox smoothie images featuring detox smoothie recipes and green smoothies
25 Detox Smoothie Recipes for Anyone Who Loves Green Smoothies,"If you already love green smoothies, this list feels like a dream. These detox smoothie recipes include green smoothie recipes, spinach smoothie blends, and veggie smoothie ideas that stay creamy and refreshing. They’re simple healthy drinks for an everyday healthy lifestyle routine.",https://gatheringdreams.com/detox-smoothie-recipes/,https://danielepemy.github.io/GDautoTW/images/detox-smoothie-pin-21.jpg,681873268520641415,Collage of detox smoothie images featuring detox smoothie recipes and green smoothies
"I Rotate These 25 Detox Smoothies for a Simple, Feel-Good Week","I use this list as my “no thinking” plan for mornings. These detox smoothie recipes include quick smoothies, green smoothie favorites, and healthy drinks that feel light. The spinach smoothie options are especially good when I want extra greens.",https://gatheringdreams.com/detox-smoothie-recipes/,https://danielepemy.github.io/GDautoTW/images/detox-smoothie-pin-22.jpg,681873268520652475,Collage of detox smoothie images featuring detox smoothie recipes and green smoothies
25 Detox Smoothie Recipes That Turn Veggies into Something You’ll Crave,"This roundup makes vegetables feel exciting. You’ll find vegetable smoothie blends, green detox smoothie options, and detox smoothie recipes that taste fruity and creamy. Great for smoothie ideas, easy smoothie recipes, and health drinks that support a healthy lifestyle without fuss.",https://gatheringdreams.com/detox-smoothie-recipes/,https://danielepemy.github.io/GDautoTW/images/detox-smoothie-pin-23.jpg,681873268521137033,Collage of detox smoothie images featuring detox smoothie recipes and green smoothies
These 25 Detox Smoothies Are My Favorite “Back to Healthy” Drinks,"I always come back to these detox smoothie recipes after weekends that feel a little too snacky. They include smoothie diet friendly blends, green smoothie recipes, and a gut cleanse drink style option. Easy health drinks that fit real life.",https://gatheringdreams.com/detox-smoothie-recipes/,https://danielepemy.github.io/GDautoTW/images/detox-smoothie-pin-24.jpg,681873268520622950,Collage of detox smoothie images featuring detox smoothie recipes and green smoothies
"25 Best Smoothie Recipes for a Clean, Refreshing Sip Any Time","These best smoothie recipes are bright, simple, and endlessly drinkable. Expect detox smoothie recipes, green smoothie favorites, and healthy juice drinks vibes with blended fruit and greens. Perfect as health drinks when you want something lighter than a full meal.",https://gatheringdreams.com/detox-smoothie-recipes/,https://danielepemy.github.io/GDautoTW/images/detox-smoothie-pin-25.jpg,681873268521706638,Collage of detox smoothie images featuring detox smoothie recipes and green smoothies
I Love These 25 Spinach Smoothies for When I Need More Greens,Spinach smoothie blends are my easiest way to boost greens. This list mixes detox smoothie recipes with green smoothie recipes and quick smoothies that stay creamy. They’re my go-to healthy drinks when I’m trying to keep healthy lifestyle habits consistent.,https://gatheringdreams.com/detox-smoothie-recipes/,https://danielepemy.github.io/GDautoTW/images/detox-smoothie-pin-26.jpg,681873268521714857,Collage of detox smoothie images featuring detox smoothie recipes and green smoothies
25 Detox Smoothie Recipes That Feel Like a Fresh Start in a Glass,"This collection of detox smoothie recipes is perfect when you want light, clean flavors. You’ll find green detox smoothie options, vegetable smoothie blends, and easy smoothie recipes. These healthy drinks fit a smoothie diet approach or a simple healthy lifestyle routine.",https://gatheringdreams.com/detox-smoothie-recipes/,https://danielepemy.github.io/GDautoTW/images/detox-smoothie-pin-27.jpg,681873268520622949,Collage of detox smoothie images featuring detox smoothie recipes and green smoothies
My 25 Favorite Gut-Cleanse Style Smoothies That Still Taste Sweet,"I’m picky about “cleanse” flavors, so these work for me. This list includes gut cleanse drink style blends, detox smoothie recipes with fruit, and green smoothie recipes that stay smooth. They’re health drinks I actually look forward to.",https://gatheringdreams.com/detox-smoothie-recipes/,https://danielepemy.github.io/GDautoTW/images/detox-smoothie-pin-28.jpg,681873268520632128,Collage of detox smoothie images featuring detox smoothie recipes and green smoothies
"25 Detox Smoothie Recipes for Easy, Nourishing Healthy Drinks","Stock your blender routine with detox smoothie recipes that keep things simple. This roundup includes quick smoothies, green smoothie ideas, and healthy drinks with fruity flavor and leafy greens. Great for anyone collecting smoothie ideas and building healthy lifestyle habits steadily.",https://gatheringdreams.com/detox-smoothie-recipes/,https://danielepemy.github.io/GDautoTW/images/detox-smoothie-pin-29.jpg,681873268520622951,Collage of detox smoothie images featuring detox smoothie recipes and green smoothies
I Put Together 25 Detox Smoothies for When I Want a Lighter Day,"I love how these detox smoothie recipes make a day feel lighter. There are slim down drink style blends, spinach smoothie favorites, and green detox smoothie options that taste bright. They’re quick smoothies that fit my healthy lifestyle without stress.",https://gatheringdreams.com/detox-smoothie-recipes/,https://danielepemy.github.io/GDautoTW/images/detox-smoothie-pin-3.jpg,681873268522010352,Collage of detox smoothie images featuring detox smoothie recipes and green smoothies
25 Green Smoothie Recipes That Belong in Your “Best Of” List,"This list is packed with green smoothie recipes that taste fresh and creamy. Expect best green smoothie combos, detox smoothie recipes, and spinach smoothie blends that feel like healthy juice drinks. A fun set of smoothie ideas for a consistent healthy lifestyle.",https://gatheringdreams.com/detox-smoothie-recipes/,https://danielepemy.github.io/GDautoTW/images/detox-smoothie-pin-30.jpg,681873268521602503,Collage of detox smoothie images featuring detox smoothie recipes and green smoothies
My 25 Favorite Detox Smoothies for That “Clean & Energized” Feeling,"I use these like my homemade energy drinks when I want to feel brighter. This set includes detox smoothie recipes, green smoothie options, and veggie smoothie blends that don’t taste grassy. They’re easy health drinks that keep my mornings simple.",https://gatheringdreams.com/detox-smoothie-recipes/,https://danielepemy.github.io/GDautoTW/images/detox-smoothie-pin-31.jpg,681873268520666744,Collage of detox smoothie images featuring detox smoothie recipes and green smoothies
25 Detox Smoothie Recipes That Make Healthy Lifestyle Habits Easier,"If you’re building healthier routines, these detox smoothie recipes are a gentle place to start. You’ll find easy smoothie recipes, quick smoothies, and green detox smoothie options. These healthy drinks feel practical, tasty, and totally doable for everyday healthy lifestyle habits.",https://gatheringdreams.com/detox-smoothie-recipes/,https://danielepemy.github.io/GDautoTW/images/detox-smoothie-pin-32.jpg,681873268520641415,Collage of detox smoothie images featuring detox smoothie recipes and green smoothies
I Rely on These 25 Best Smoothie Recipes When I Don’t Want to Cook,"I keep this roundup bookmarked for those “no cooking” days. These best smoothie recipes include detox smoothie recipes, green smoothie blends, and healthy drinks that feel filling. The spinach smoothie options are my favorite when I want extra greens fast.",https://gatheringdreams.com/detox-smoothie-recipes/,https://danielepemy.github.io/GDautoTW/images/detox-smoothie-pin-33.jpg,681873268520652475,Collage of detox smoothie images featuring detox smoothie recipes and green smoothies
"25 Detox Smoothie Recipes That Taste Bright, Fruity, and Clean","This roundup of detox smoothie recipes leans fresh and fruity, with greens blended in smoothly. You’ll find green smoothie recipes, vegetable smoothie ideas, and healthy juice drinks vibes. Great for anyone who wants health drinks that feel light and refreshing.",https://gatheringdreams.com/detox-smoothie-recipes/,https://danielepemy.github.io/GDautoTW/images/detox-smoothie-pin-34.jpg,681873268521137033,Collage of detox smoothie images featuring detox smoothie recipes and green smoothies
My 25 Favorite Smoothie Ideas for a Simple Detox Week,"I like using these smoothie ideas when I want an easy reset. This list includes detox smoothie recipes, green detox smoothie blends, and quick smoothies that taste great. They’re healthy drinks I can stick with while keeping my healthy lifestyle habits realistic.",https://gatheringdreams.com/detox-smoothie-recipes/,https://danielepemy.github.io/GDautoTW/images/detox-smoothie-pin-35.jpg,681873268520622950,Collage of detox smoothie images featuring detox smoothie recipes and green smoothies
25 Detox Smoothie Recipes That Work for Breakfast or a Light Snack,"These detox smoothie recipes are flexible and satisfying. You’ll see green smoothie blends, spinach smoothie favorites, and healthy drinks that feel like healthy juice drinks. Great for quick smoothies that fit a smoothie diet routine or everyday healthy lifestyle habits.",https://gatheringdreams.com/detox-smoothie-recipes/,https://danielepemy.github.io/GDautoTW/images/detox-smoothie-pin-36.jpg,681873268521706638,Collage of detox smoothie images featuring detox smoothie recipes and green smoothies
I Love These 25 Detox Smoothies for When I Want Something Sweet but Clean,"I’m always chasing that “sweet but clean” flavor, and these deliver. This collection includes detox smoothie recipes, green smoothie recipes, and a few fat burner smoothie style blends. They’re the kind of health drinks I reach for instead of dessert.",https://gatheringdreams.com/detox-smoothie-recipes/,https://danielepemy.github.io/GDautoTW/images/detox-smoothie-pin-37.jpg,681873268521714857,Collage of detox smoothie images featuring detox smoothie recipes and green smoothies
25 Detox Smoothie Recipes Packed with Greens (But Still Smooth),"Want more greens without a bitter taste? These detox smoothie recipes include best green smoothie combos, green detox smoothie options, and spinach smoothie blends that stay creamy. A great stash of easy smoothie recipes and healthy drinks for your weekly smoothie ideas.",https://gatheringdreams.com/detox-smoothie-recipes/,https://danielepemy.github.io/GDautoTW/images/detox-smoothie-pin-38.jpg,681873268520622949,Collage of detox smoothie images featuring detox smoothie recipes and green smoothies
My 25 Favorite “Slim Down Drink” Smoothies That Don’t Feel Punishing,"I hate anything that tastes like a chore, so these work for me. This list includes slim down drink style blends, detox smoothie recipes, and green smoothie options. They’re quick smoothies that still feel like real, refreshing health drinks.",https://gatheringdreams.com/detox-smoothie-recipes/,https://danielepemy.github.io/GDautoTW/images/detox-smoothie-pin-39.jpg,681873268520632128,Collage of detox smoothie images featuring detox smoothie recipes and green smoothies
25 Detox Smoothie Recipes to Refresh Your Routine Without Overthinking,"This roundup keeps things simple: blend, sip, move on. You’ll find detox smoothie recipes, easy smoothie recipes, and green smoothie ideas with fruity flavor. These healthy drinks fit naturally into healthy lifestyle habits and make quick smoothies feel effortless.",https://gatheringdreams.com/detox-smoothie-recipes/,https://danielepemy.github.io/GDautoTW/images/detox-smoothie-pin-4.jpg,681873268520622951,Collage of detox smoothie images featuring detox smoothie recipes and green smoothies
I Keep These 25 Green Smoothies for My “More Veggies” Goal,"I’m always trying to get more veggies in, and these help. This collection mixes green smoothie recipes with detox smoothie recipes and veggie smoothie blends that taste sweet. They’re my everyday healthy drinks when I’m leaning into healthy lifestyle habits.",https://gatheringdreams.com/detox-smoothie-recipes/,https://danielepemy.github.io/GDautoTW/images/detox-smoothie-pin-40.jpg,681873268522010352,Collage of detox smoothie images featuring detox smoothie recipes and green smoothies
25 Detox Smoothie Recipes That Feel Like Healthy Juice Drinks (But Better),"These detox smoothie recipes have that bright, juicy flavor you love, with extra creaminess from blended fruit and greens. Expect healthy juice drinks vibes, green detox smoothie options, and quick smoothies that double as health drinks in a healthy lifestyle routine.",https://gatheringdreams.com/detox-smoothie-recipes/,https://danielepemy.github.io/GDautoTW/images/detox-smoothie-pin-41.jpg,681873268521602503,Collage of detox smoothie images featuring detox smoothie recipes and green smoothies
My 25 Favorite Detox Smoothies for When I Want an “Energy Drinks” Boost,"I swap store-bought energy drinks for these blends when I want steady energy. This list includes detox smoothie recipes, green smoothie options, and spinach smoothie favorites that taste bright. They’re quick smoothies that feel like clean, refreshing health drinks.",https://gatheringdreams.com/detox-smoothie-recipes/,https://danielepemy.github.io/GDautoTW/images/detox-smoothie-pin-42.jpg,681873268520666744,Collage of detox smoothie images featuring detox smoothie recipes and green smoothies
"25 Best Smoothie Recipes for a Clean, Fruity, Blender-Friendly Week","This list is packed with best smoothie recipes that are easy to blend and easy to love. You’ll find detox smoothie recipes, green smoothie recipes, and healthy drinks that fit a smoothie diet. Great for quick smoothies and simple healthy lifestyle habits.",https://gatheringdreams.com/detox-smoothie-recipes/,https://danielepemy.github.io/GDautoTW/images/detox-smoothie-pin-43.jpg,681873268520641415,Collage of detox smoothie images featuring detox smoothie recipes and green smoothies
"I Made a 25-Recipe Detox Smoothie List for My Busy, Healthy Weeks","I wanted a simple plan, so I collected these detox smoothie recipes in one place. It includes easy smoothie recipes, green detox smoothie blends, and veggie smoothie options that stay creamy. They’re my favorite health drinks for keeping healthy lifestyle habits steady.",https://gatheringdreams.com/detox-smoothie-recipes/,https://danielepemy.github.io/GDautoTW/images/detox-smoothie-pin-44.jpg,681873268520652475,Collage of detox smoothie images featuring detox smoothie recipes and green smoothies
25 Detox Smoothie Recipes with Green Smoothie Vibes and Sweet Flavor,"Love green smoothie flavor but want more variety? These detox smoothie recipes include green smoothie recipes, spinach smoothie blends, and healthy drinks with fruit-forward taste. A solid mix of smoothie ideas and quick smoothies for anyone building healthy lifestyle habits.",https://gatheringdreams.com/detox-smoothie-recipes/,https://danielepemy.github.io/GDautoTW/images/detox-smoothie-pin-45.jpg,681873268521137033,Collage of detox smoothie images featuring detox smoothie recipes and green smoothies
My 25 Favorite Detox Smoothies That Feel Like a Mini “Reset” Routine,"I use these detox smoothie recipes when I want my routine to feel cleaner. They include green detox smoothie blends, smoothie diet friendly options, and quick smoothies that taste good. They’re easy health drinks that support my healthy lifestyle habits without drama.",https://gatheringdreams.com/detox-smoothie-recipes/,https://danielepemy.github.io/GDautoTW/images/detox-smoothie-pin-46.jpg,681873268520622950,Collage of detox smoothie images featuring detox smoothie recipes and green smoothies
25 Detox Smoothie Recipes That Make Spinach Taste Surprisingly Sweet,"These detox smoothie recipes turn spinach into something smooth and refreshing. You’ll find spinach smoothie blends, green smoothie recipes, and healthy drinks that feel like healthy juice drinks. Great for easy smoothie recipes and quick smoothies that fit a healthy lifestyle.",https://gatheringdreams.com/detox-smoothie-recipes/,https://danielepemy.github.io/GDautoTW/images/detox-smoothie-pin-47.jpg,681873268521706638,Collage of detox smoothie images featuring detox smoothie recipes and green smoothies
"I Love These 25 Detox Smoothies for a Light, Glowy “Healthy Day” Feel","I’m always chasing that “glowy” feeling, and these help. This set includes detox smoothie recipes, best green smoothie blends, and veggie smoothie options that taste bright. They’re my favorite health smoothies when I’m focused on healthy lifestyle habits.",https://gatheringdreams.com/detox-smoothie-recipes/,https://danielepemy.github.io/GDautoTW/images/detox-smoothie-pin-48.jpg,681873268521714857,Collage of detox smoothie images featuring detox smoothie recipes and green smoothies
25 Green Detox Smoothie Recipes to Add to Your Weekly Smoothie Ideas,"This roundup delivers green detox smoothie variety without complicated steps. Expect green smoothie recipes, easy smoothie recipes, and detox smoothie recipes with fresh fruit flavor. These healthy drinks work beautifully as quick smoothies, and they support steady healthy lifestyle habits over time.",https://gatheringdreams.com/detox-smoothie-recipes/,https://danielepemy.github.io/GDautoTW/images/detox-smoothie-pin-49.jpg,681873268520622949,Collage of detox smoothie images featuring detox smoothie recipes and green smoothies
My 25 Favorite Fat-Burner Style Smoothies for a Light Morning Start,"I like these when I want a fat burner smoothie feel without weird ingredients. This collection includes detox smoothie recipes, green smoothie options, and slim down drink style blends. They’re quick smoothies that taste refreshing and fit my healthy lifestyle habits.",https://gatheringdreams.com/detox-smoothie-recipes/,https://danielepemy.github.io/GDautoTW/images/detox-smoothie-pin-5.jpg,681873268520632128,Collage of detox smoothie images featuring detox smoothie recipes and green smoothies
"25 Detox Smoothie Recipes That Feel Like a Fresh, Fruity Pick-Me-Up","These detox smoothie recipes are bright, fruity, and easy to blend. You’ll find healthy drinks with green smoothie add-ins, plus veggie smoothie options that stay creamy. Great for quick smoothies and smoothie ideas that suit a smoothie diet or a healthy lifestyle.",https://gatheringdreams.com/detox-smoothie-recipes/,https://danielepemy.github.io/GDautoTW/images/detox-smoothie-pin-50.jpg,681873268520622951,Collage of detox smoothie images featuring detox smoothie recipes and green smoothies
I Keep These 25 Detox Smoothies for My “Healthy Drinks Only” Weeks,"I like having a plan, and this list makes it easy. These detox smoothie recipes include green detox smoothie blends, spinach smoothie favorites, and easy smoothie recipes that taste great. They’re the kind of health drinks that make healthy lifestyle habits feel simple.",https://gatheringdreams.com/detox-smoothie-recipes/,https://danielepemy.github.io/GDautoTW/images/detox-smoothie-pin-51.jpg,681873268522010352,Collage of detox smoothie images featuring detox smoothie recipes and green smoothies
"25 Best Smoothie Recipes for Anyone Who Loves Light, Clean Flavors","This collection of best smoothie recipes focuses on fresh ingredients and simple blends. Expect detox smoothie recipes, green smoothie ideas, and healthy juice drinks vibes with fruit and greens. Perfect as healthy drinks for quick smoothies and everyday healthy lifestyle habits.",https://gatheringdreams.com/detox-smoothie-recipes/,https://danielepemy.github.io/GDautoTW/images/detox-smoothie-pin-52.jpg,681873268521602503,Collage of detox smoothie images featuring detox smoothie recipes and green smoothies
My 25 Favorite Green Smoothies That Never Taste Bitter or Boring,"I’m picky about green smoothie taste, so these are my favorites. This lineup includes green smoothie recipes, detox smoothie recipes, and spinach smoothie blends that stay creamy. They’re quick smoothies and healthy drinks I’m happy to have any morning.",https://gatheringdreams.com/detox-smoothie-recipes/,https://danielepemy.github.io/GDautoTW/images/detox-smoothie-pin-53.jpg,681873268520666744,Collage of detox smoothie images featuring detox smoothie recipes and green smoothies
25 Detox Smoothie Recipes That Make a Great “Gut Cleanse Drink” Option,"These detox smoothie recipes lean fiber-friendly and refreshing, with ingredients that feel gentle. You’ll find gut cleanse drink style blends, green detox smoothie options, and vegetable smoothie favorites. Great for healthy drinks and smoothie ideas that support consistent healthy lifestyle habits.",https://gatheringdreams.com/detox-smoothie-recipes/,https://danielepemy.github.io/GDautoTW/images/detox-smoothie-pin-54.jpg,681873268520641415,Collage of detox smoothie images featuring detox smoothie recipes and green smoothies
I Made These 25 Detox Smoothies for When I Want to Feel Less “Puffy”,"I reach for these detox smoothie recipes when I want a lighter, fresher day. They include green smoothie blends, slim down drink style options, and quick smoothies that taste bright. They’re my favorite health drinks when I’m sticking to healthy lifestyle habits.",https://gatheringdreams.com/detox-smoothie-recipes/,https://danielepemy.github.io/GDautoTW/images/detox-smoothie-pin-55.jpg,681873268520652475,Collage of detox smoothie images featuring detox smoothie recipes and green smoothies
25 Detox Smoothie Recipes That Feel Like Healthy Juice Drinks for Grown-Ups,"This roundup gives “juice bar” energy with simple blender steps. Expect detox smoothie recipes, healthy juice drinks vibes, and green smoothie recipes that taste fruity and fresh. A fun lineup of healthy drinks, quick smoothies, and smoothie ideas for a healthy lifestyle.",https://gatheringdreams.com/detox-smoothie-recipes/,https://danielepemy.github.io/GDautoTW/images/detox-smoothie-pin-56.jpg,681873268521137033,Collage of detox smoothie images featuring detox smoothie recipes and green smoothies
My 25 Favorite Quick Smoothies for Busy Mornings and Clean Ingredients,"I don’t have time for long recipes, so these quick smoothies are perfect. This list includes detox smoothie recipes, green detox smoothie blends, and easy smoothie recipes that taste great. They’re healthy drinks I can stick with during a smoothie diet phase.",https://gatheringdreams.com/detox-smoothie-recipes/,https://danielepemy.github.io/GDautoTW/images/detox-smoothie-pin-57.jpg,681873268520622950,Collage of detox smoothie images featuring detox smoothie recipes and green smoothies
25 Detox Smoothie Recipes with Vegetable Smoothie Goodness (Still Tasty),"These detox smoothie recipes make vegetables feel approachable. You’ll find vegetable smoothie blends, green smoothie recipes, and spinach smoothie favorites that stay smooth and sweet. Great for health drinks, easy smoothie recipes, and smoothie ideas that match everyday healthy lifestyle habits.",https://gatheringdreams.com/detox-smoothie-recipes/,https://danielepemy.github.io/GDautoTW/images/detox-smoothie-pin-58.jpg,681873268521706638,Collage of detox smoothie images featuring detox smoothie recipes and green smoothies
"I Keep These 25 Detox Smoothies for My “More Greens, Less Stress” Goal","I like a simple plan, and these detox smoothie recipes make it easy. This list includes best green smoothie blends, spinach smoothie options, and quick smoothies that taste bright. They’re my go-to healthy drinks when I’m focusing on healthy lifestyle habits.",https://gatheringdreams.com/detox-smoothie-recipes/,https://danielepemy.github.io/GDautoTW/images/detox-smoothie-pin-59.jpg,681873268521714857,Collage of detox smoothie images featuring detox smoothie recipes and green smoothies
25 Detox Smoothie Recipes for a Smoothie Diet That Feels Enjoyable,"A smoothie diet can feel cozy and satisfying with the right recipes. This roundup includes detox smoothie recipes, health smoothies, and green smoothie favorites. Look for easy smoothie recipes and quick smoothies that taste great and fit healthy lifestyle habits without feeling strict.",https://gatheringdreams.com/detox-smoothie-recipes/,https://danielepemy.github.io/GDautoTW/images/detox-smoothie-pin-6.jpg,681873268520622949,Collage of detox smoothie images featuring detox smoothie recipes and green smoothies
My 25 Favorite “Health Drinks” Smoothies When I Want Something Refreshing,"I love having a list of health drinks that feel light and tasty. These detox smoothie recipes include green smoothie options, healthy juice drinks vibes, and quick smoothies with fruit and greens. They’re my easy way to keep healthy lifestyle habits consistent.",https://gatheringdreams.com/detox-smoothie-recipes/,https://danielepemy.github.io/GDautoTW/images/detox-smoothie-pin-60.jpg,681873268520632128,Collage of detox smoothie images featuring detox smoothie recipes and green smoothies
"25 Best Green Smoothie Picks for a Bright, Blender-Friendly Week","These best green smoothie picks are perfect for anyone who loves fresh, vibrant flavor. Expect green smoothie recipes, green detox smoothie blends, and detox smoothie recipes that stay creamy. A great stash of smoothie ideas and healthy drinks for an everyday healthy lifestyle routine.",https://gatheringdreams.com/detox-smoothie-recipes/,https://danielepemy.github.io/GDautoTW/images/detox-smoothie-pin-61.jpg,681873268520622951,Collage of detox smoothie images featuring detox smoothie recipes and green smoothies
I Made 25 Detox Smoothies That Feel Like a Clean “Energy Drinks” Swap,"I wanted something lighter than energy drinks, so I pulled together these blends. This list includes detox smoothie recipes, green smoothie options, and veggie smoothie favorites. They’re quick smoothies that feel refreshing and work well as steady health drinks.",https://gatheringdreams.com/detox-smoothie-recipes/,https://danielepemy.github.io/GDautoTW/images/detox-smoothie-pin-62.jpg,681873268522010352,Collage of detox smoothie images featuring detox smoothie recipes and green smoothies
"25 Detox Smoothie Recipes That Taste Like a Treat, Not a Chore",This roundup proves detox smoothie recipes can be genuinely delicious. You’ll find smoothie ideas that include green smoothie recipes and spinach smoothie blends with fruity flavor. These healthy drinks work as quick smoothies and make healthy lifestyle habits feel more enjoyable.,https://gatheringdreams.com/detox-smoothie-recipes/,https://danielepemy.github.io/GDautoTW/images/detox-smoothie-pin-63.jpg,681873268521602503,Collage of detox smoothie images featuring detox smoothie recipes and green smoothies
My 25 Favorite Detox Smoothies for When I Want a Cleaner Morning Routine,"I’m all about routines that don’t feel complicated. These detox smoothie recipes include easy smoothie recipes, green detox smoothie blends, and quick smoothies that taste bright. They’re healthy drinks that help me stick with healthy lifestyle habits even on busy days.",https://gatheringdreams.com/detox-smoothie-recipes/,https://danielepemy.github.io/GDautoTW/images/detox-smoothie-pin-64.jpg,681873268520666744,Collage of detox smoothie images featuring detox smoothie recipes and green smoothies
25 Detox Smoothie Recipes That Make Great Healthy Drinks Any Time of Day,"These detox smoothie recipes aren’t just for breakfast. You’ll find healthy drinks with green smoothie flavors, plus veggie smoothie and spinach smoothie options. Great for quick smoothies, smoothie ideas, and a smoothie diet routine that still feels flexible and fun.",https://gatheringdreams.com/detox-smoothie-recipes/,https://danielepemy.github.io/GDautoTW/images/detox-smoothie-pin-65.jpg,681873268520641415,Collage of detox smoothie images featuring detox smoothie recipes and green smoothies
I Love These 25 Detox Smoothies for a Light Snack That Still Feels Filling,"I like something filling but not heavy, and these deliver. This list includes detox smoothie recipes, green smoothie options, and health smoothies that taste fruity. They’re quick smoothies I rely on, especially when I’m aiming for healthier drinks and healthy lifestyle habits.",https://gatheringdreams.com/detox-smoothie-recipes/,https://danielepemy.github.io/GDautoTW/images/detox-smoothie-pin-66.jpg,681873268520652475,Collage of detox smoothie images featuring detox smoothie recipes and green smoothies
25 Detox Smoothie Recipes for Anyone Collecting Smoothie Ideas Right Now,"Need fresh smoothie ideas? This roundup includes detox smoothie recipes, easy smoothie recipes, and green smoothie recipes that stay creamy and bright. You’ll also find vegetable smoothie blends and healthy juice drinks vibes—perfect for quick smoothies and everyday healthy lifestyle habits.",https://gatheringdreams.com/detox-smoothie-recipes/,https://danielepemy.github.io/GDautoTW/images/detox-smoothie-pin-67.jpg,681873268521137033,Collage of detox smoothie images featuring detox smoothie recipes and green smoothies
My 25 Favorite Detox Smoothies for When I Want a “Slim Down Drink” Feel,"I keep these blends for days when I want something light and fresh. This set includes slim down drink style blends, detox smoothie recipes with greens, and quick smoothies that taste good. They’re my go-to health drinks when I’m focused on a healthy lifestyle.",https://gatheringdreams.com/detox-smoothie-recipes/,https://danielepemy.github.io/GDautoTW/images/detox-smoothie-pin-68.jpg,681873268520622950,Collage of detox smoothie images featuring detox smoothie recipes and green smoothies
25 Detox Smoothie Recipes with Green Smoothie + Fruit-Forward Flavor,"These detox smoothie recipes focus on fresh fruit taste with greens blended smoothly. Expect green smoothie recipes, spinach smoothie favorites, and healthy drinks that fit a smoothie diet routine. Great for quick smoothies and easy smoothie recipes that support realistic healthy lifestyle habits.",https://gatheringdreams.com/detox-smoothie-recipes/,https://danielepemy.github.io/GDautoTW/images/detox-smoothie-pin-69.jpg,681873268521706638,Collage of detox smoothie images featuring detox smoothie recipes and green smoothies
I Collected 25 Detox Smoothies That Make Healthy Drinks Feel Effortless,"I wanted healthy drinks that didn’t require a kitchen project. This list includes detox smoothie recipes, green detox smoothie blends, and easy smoothie recipes that taste bright. They’re quick smoothies that help me keep healthy lifestyle habits steady, even when I’m busy.",https://gatheringdreams.com/detox-smoothie-recipes/,https://danielepemy.github.io/GDautoTW/images/detox-smoothie-pin-7.jpg,681873268521714857,Collage of detox smoothie images featuring detox smoothie recipes and green smoothies
25 Best Smoothie Recipes for a Refreshing “Clean” Blender Routine,"This roundup of best smoothie recipes is perfect for resetting your blender routine. You’ll find detox smoothie recipes, green smoothie favorites, and healthy juice drinks vibes with fruit and greens. Great for quick smoothies and health drinks that support steady healthy lifestyle habits.",https://gatheringdreams.com/detox-smoothie-recipes/,https://danielepemy.github.io/GDautoTW/images/detox-smoothie-pin-70.jpg,681873268520622949,Collage of detox smoothie images featuring detox smoothie recipes and green smoothies
"My 25 Favorite Spinach Smoothies for a Creamy, Fresh Detox Sip","I love how spinach smoothie blends disappear into fruity flavors. This collection includes detox smoothie recipes, green smoothie recipes, and quick smoothies that feel refreshing. They’re my go-to health smoothies when I’m focusing on healthy lifestyle habits and easy, healthy drinks.",https://gatheringdreams.com/detox-smoothie-recipes/,https://danielepemy.github.io/GDautoTW/images/detox-smoothie-pin-71.jpg,681873268520632128,Collage of detox smoothie images featuring detox smoothie recipes and green smoothies
25 Detox Smoothie Recipes That Feel Like a Gentle “Gut Cleanse Drink”,"These detox smoothie recipes lean refreshing and balanced, with ingredients that feel kind to your routine. Expect gut cleanse drink style options, green detox smoothie blends, and vegetable smoothie favorites. Great for health drinks, quick smoothies, and easy smoothie recipes that fit a healthy lifestyle.",https://gatheringdreams.com/detox-smoothie-recipes/,https://danielepemy.github.io/GDautoTW/images/detox-smoothie-pin-72.jpg,681873268520622951,Collage of detox smoothie images featuring detox smoothie recipes and green smoothies
I Keep These 25 Detox Smoothies for My “Feel Better Fast” Mornings,"Some mornings I just want something that feels clean and easy. This list includes detox smoothie recipes, green smoothie blends, and healthy drinks that taste bright. They’re quick smoothies I can make on autopilot while keeping healthy lifestyle habits on track.",https://gatheringdreams.com/detox-smoothie-recipes/,https://danielepemy.github.io/GDautoTW/images/detox-smoothie-pin-73.jpg,681873268522010352,Collage of detox smoothie images featuring detox smoothie recipes and green smoothies
25 Green Detox Smoothie Recipes That Are Perfect for Beginners,"New to green smoothies? These green detox smoothie recipes are approachable and tasty. You’ll find detox smoothie recipes, easy smoothie recipes, and smoothie ideas that stay creamy and sweet. Great healthy drinks for building confidence and keeping healthy lifestyle habits simple and consistent.",https://gatheringdreams.com/detox-smoothie-recipes/,https://danielepemy.github.io/GDautoTW/images/detox-smoothie-pin-74.jpg,681873268521602503,Collage of detox smoothie images featuring detox smoothie recipes and green smoothies
I Made a List of 25 Easy Detox Smoothies for My Busiest Weeks,"I needed easy smoothie recipes that still felt nourishing. This roundup includes detox smoothie recipes, quick smoothies, and green smoothie options that taste refreshing. They’re the healthy drinks I rely on, especially when I’m trying to keep healthy lifestyle habits steady with minimal effort.",https://gatheringdreams.com/detox-smoothie-recipes/,https://danielepemy.github.io/GDautoTW/images/detox-smoothie-pin-75.jpg,681873268520666744,Collage of detox smoothie images featuring detox smoothie recipes and green smoothies
25 Detox Smoothie Recipes That Make a Great “Fat Burner Smoothie” Lineup,"This collection is full of detox smoothie recipes that feel light and energizing. Expect fat burner smoothie style blends, green smoothie recipes, and healthy drinks with fresh, fruity flavor. A fun set of smoothie ideas for quick smoothies that match a smoothie diet routine.",https://gatheringdreams.com/detox-smoothie-recipes/,https://danielepemy.github.io/GDautoTW/images/detox-smoothie-pin-76.jpg,681873268520641415,Collage of detox smoothie images featuring detox smoothie recipes and green smoothies
My 25 Favorite Detox Smoothies That Taste Like Smoothie-Bar Drinks,"I love smoothie-bar flavor, but I want it simple at home. These detox smoothie recipes include healthy juice drinks vibes, green detox smoothie blends, and quick smoothies that stay creamy. They’re my favorite health drinks when I’m leaning into healthy lifestyle habits.",https://gatheringdreams.com/detox-smoothie-recipes/,https://danielepemy.github.io/GDautoTW/images/detox-smoothie-pin-77.jpg,681873268520652475,Collage of detox smoothie images featuring detox smoothie recipes and green smoothies
"25 Detox Smoothie Recipes for a Cleaner, Lighter Smoothie Diet Week","These detox smoothie recipes are perfect for a lighter week without complicated meals. You’ll find smoothie diet friendly blends, green smoothie recipes, and spinach smoothie favorites. Great for quick smoothies, easy smoothie recipes, and healthy drinks that support everyday healthy lifestyle habits.",https://gatheringdreams.com/detox-smoothie-recipes/,https://danielepemy.github.io/GDautoTW/images/detox-smoothie-pin-78.jpg,681873268521137033,Collage of detox smoothie images featuring detox smoothie recipes and green smoothies
I Rotate These 25 Detox Smoothies When I Want to Drink More Greens,"I’m not always in the mood for salads, so I blend greens instead. This list includes detox smoothie recipes, green smoothie recipes, and vegetable smoothie blends that taste sweet. They’re quick smoothies that make healthy drinks feel easy and doable every day.",https://gatheringdreams.com/detox-smoothie-recipes/,https://danielepemy.github.io/GDautoTW/images/detox-smoothie-pin-79.jpg,681873268520622950,Collage of detox smoothie images featuring detox smoothie recipes and green smoothies
"25 Best Smoothie Recipes That Feel Refreshing, Not Heavy","This roundup of best smoothie recipes focuses on light, bright blends. Expect detox smoothie recipes, green detox smoothie options, and healthy drinks with fruit-forward taste. Great for quick smoothies, smoothie ideas, and a healthy lifestyle routine that feels simple and refreshing.",https://gatheringdreams.com/detox-smoothie-recipes/,https://danielepemy.github.io/GDautoTW/images/detox-smoothie-pin-8.jpg,681873268521706638,Collage of detox smoothie images featuring detox smoothie recipes and green smoothies
My 25 Favorite Healthy Drinks Smoothies for When I Want a Fresh Start,"I like a fresh start that doesn’t require perfection. These detox smoothie recipes include green smoothie options, spinach smoothie blends, and easy smoothie recipes that taste bright. They’re quick smoothies I use as everyday health drinks while keeping healthy lifestyle habits consistent.",https://gatheringdreams.com/detox-smoothie-recipes/,https://danielepemy.github.io/GDautoTW/images/detox-smoothie-pin-80.jpg,681873268521714857,Collage of detox smoothie images featuring detox smoothie recipes and green smoothies
25 Detox Smoothie Recipes That Bring “Healthy Juice Drinks” Energy,"Love juice-bar flavors? These detox smoothie recipes bring that same bright vibe with extra creaminess. You’ll find healthy juice drinks style blends, green smoothie recipes, and veggie smoothie options. Great for quick smoothies, health drinks, and easy smoothie recipes that fit a healthy lifestyle.",https://gatheringdreams.com/detox-smoothie-recipes/,https://danielepemy.github.io/GDautoTW/images/detox-smoothie-pin-81.jpg,681873268520622949,Collage of detox smoothie images featuring detox smoothie recipes and green smoothies
I Saved These 25 Detox Smoothies for My “No Excuses” Busy Mornings,"I don’t want to think in the morning, so I keep this list handy. These detox smoothie recipes include quick smoothies, green detox smoothie blends, and easy smoothie recipes that taste great. They’re healthy drinks that support my healthy lifestyle habits without taking extra time.",https://gatheringdreams.com/detox-smoothie-recipes/,https://danielepemy.github.io/GDautoTW/images/detox-smoothie-pin-82.jpg,681873268520632128,Collage of detox smoothie images featuring detox smoothie recipes and green smoothies
25 Green Smoothie Recipes That Make Detox Taste Delicious,"This lineup of green smoothie recipes is fresh, bright, and easy to blend. Expect green detox smoothie options, detox smoothie recipes, and spinach smoothie favorites that stay creamy. A great set of smoothie ideas and healthy drinks for building steady healthy lifestyle habits.",https://gatheringdreams.com/detox-smoothie-recipes/,https://danielepemy.github.io/GDautoTW/images/detox-smoothie-pin-83.jpg,681873268520622951,Collage of detox smoothie images featuring detox smoothie recipes and green smoothies
My 25 Favorite Detox Smoothies for a Light Lunch I Can Sip Slowly,"I like these when I want lunch to feel easy and refreshing. This list includes detox smoothie recipes, green smoothie options, and vegetable smoothie blends that taste bright. They’re my go-to health smoothies for a smoothie diet style week or a simple healthy lifestyle.",https://gatheringdreams.com/detox-smoothie-recipes/,https://danielepemy.github.io/GDautoTW/images/detox-smoothie-pin-84.jpg,681873268522010352,Collage of detox smoothie images featuring detox smoothie recipes and green smoothies
25 Detox Smoothie Recipes with Simple Ingredients and Big Fresh Flavor,"These detox smoothie recipes keep ingredients simple while staying flavorful. You’ll find easy smoothie recipes, green smoothie ideas, and healthy drinks that feel like healthy juice drinks. Great for quick smoothies, smoothie ideas, and consistent healthy lifestyle habits—without complicated prep.",https://gatheringdreams.com/detox-smoothie-recipes/,https://danielepemy.github.io/GDautoTW/images/detox-smoothie-pin-85.jpg,681873268521602503,Collage of detox smoothie images featuring detox smoothie recipes and green smoothies
I Love These 25 Detox Smoothies When I Want a “Slim Down Drink” Vibe,"I reach for these when I want something light, crisp, and refreshing. This set includes slim down drink style blends, detox smoothie recipes with greens, and quick smoothies that taste fruity. They’re easy health drinks that fit my healthy lifestyle habits nicely.",https://gatheringdreams.com/detox-smoothie-recipes/,https://danielepemy.github.io/GDautoTW/images/detox-smoothie-pin-86.jpg,681873268520666744,Collage of detox smoothie images featuring detox smoothie recipes and green smoothies
"25 Best Detox Smoothie Recipes for a Bright, Healthy Lifestyle Routine","These detox smoothie recipes are an easy way to build a consistent routine. Expect green detox smoothie blends, spinach smoothie favorites, and healthy drinks that feel refreshing. Great for quick smoothies and easy smoothie recipes that support healthy lifestyle habits without feeling strict or complicated.",https://gatheringdreams.com/detox-smoothie-recipes/,https://danielepemy.github.io/GDautoTW/images/detox-smoothie-pin-87.jpg,681873268520641415,Collage of detox smoothie images featuring detox smoothie recipes and green smoothies
I Keep These 25 Green Detox Smoothies for My “More Energy” Weeks,"I like these as a cleaner alternative to energy drinks. This list includes green detox smoothie blends, detox smoothie recipes, and spinach smoothie options that taste bright. They’re quick smoothies that feel like real health drinks and help my healthy lifestyle habits stay consistent.",https://gatheringdreams.com/detox-smoothie-recipes/,https://danielepemy.github.io/GDautoTW/images/detox-smoothie-pin-88.jpg,681873268520652475,Collage of detox smoothie images featuring detox smoothie recipes and green smoothies
25 Detox Smoothie Recipes That Make Great Post-Workout Healthy Drinks,"These detox smoothie recipes are refreshing and easy to blend when you want something light. You’ll find green smoothie recipes, healthy drinks with fruit-forward flavor, and veggie smoothie options that feel satisfying. Great for quick smoothies that match a steady healthy lifestyle routine.",https://gatheringdreams.com/detox-smoothie-recipes/,https://danielepemy.github.io/GDautoTW/images/detox-smoothie-pin-89.jpg,681873268521137033,Collage of detox smoothie images featuring detox smoothie recipes and green smoothies
My 25 Favorite Detox Smoothies for When I Want a Gentle Gut Reset,"I like these when I want a gut cleanse drink feel without anything intense. This list includes detox smoothie recipes, green smoothie blends, and easy smoothie recipes that stay creamy. They’re quick smoothies that double as comforting health drinks in my healthy lifestyle routine.",https://gatheringdreams.com/detox-smoothie-recipes/,https://danielepemy.github.io/GDautoTW/images/detox-smoothie-pin-9.jpg,681873268520622950,Collage of detox smoothie images featuring detox smoothie recipes and green smoothies
25 Detox Smoothie Recipes That Are Perfect for “Blend and Go” Days,"Need something fast? These detox smoothie recipes are built for busy schedules. Expect quick smoothies, green smoothie recipes, and healthy drinks with fresh fruit flavor. A great set of smoothie ideas and easy smoothie recipes that keep healthy lifestyle habits simple and consistent.",https://gatheringdreams.com/detox-smoothie-recipes/,https://danielepemy.github.io/GDautoTW/images/detox-smoothie-pin-90.jpg,681873268521706638,Collage of detox smoothie images featuring detox smoothie recipes and green smoothies
I Made These 25 Detox Smoothies So My Mornings Feel Less Chaotic,"I wanted mornings to feel calmer, so I leaned into quick smoothies. This list includes detox smoothie recipes, green detox smoothie blends, and spinach smoothie favorites that taste bright. They’re easy health drinks that support my healthy lifestyle habits when time is tight.",https://gatheringdreams.com/detox-smoothie-recipes/,https://danielepemy.github.io/GDautoTW/images/detox-smoothie-pin-91.jpg,681873268521714857,Collage of detox smoothie images featuring detox smoothie recipes and green smoothies
25 Best Smoothie Recipes for Anyone Who Wants More Health Smoothies,"If you’re building a habit of health smoothies, this list is a great starting point. You’ll find detox smoothie recipes, green smoothie ideas, and easy smoothie recipes that stay creamy. These healthy drinks work as quick smoothies and support everyday healthy lifestyle habits.",https://gatheringdreams.com/detox-smoothie-recipes/,https://danielepemy.github.io/GDautoTW/images/detox-smoothie-pin-92.jpg,681873268520622949,Collage of detox smoothie images featuring detox smoothie recipes and green smoothies
"My 25 Favorite Detox Smoothies That Feel Like a Sweet, Clean Treat","I love when a smoothie feels like dessert but still counts as healthy drinks. This list includes detox smoothie recipes, green smoothie options, and a few fat burner smoothie style blends. They’re quick smoothies that keep my healthy lifestyle habits feeling fun.",https://gatheringdreams.com/detox-smoothie-recipes/,https://danielepemy.github.io/GDautoTW/images/detox-smoothie-pin-93.jpg,681873268520632128,Collage of detox smoothie images featuring detox smoothie recipes and green smoothies
25 Detox Smoothie Recipes That Turn Smoothie Ideas into a Weekly Routine,"This roundup makes it easy to plan a blender-friendly week. You’ll find detox smoothie recipes, green smoothie recipes, and healthy drinks with bright flavors. Great for quick smoothies, easy smoothie recipes, and a smoothie diet routine that supports healthy lifestyle habits without feeling overwhelming.",https://gatheringdreams.com/detox-smoothie-recipes/,https://danielepemy.github.io/GDautoTW/images/detox-smoothie-pin-94.jpg,681873268520622951,Collage of detox smoothie images featuring detox smoothie recipes and green smoothies
I Keep These 25 Detox Smoothies for Days I Want to “Eat Cleaner”,"I’m not into extremes, but I do like cleaner-feeling days. These detox smoothie recipes include green detox smoothie blends, spinach smoothie favorites, and quick smoothies that taste bright. They’re easy health drinks that fit naturally into my healthy lifestyle habits.",https://gatheringdreams.com/detox-smoothie-recipes/,https://danielepemy.github.io/GDautoTW/images/detox-smoothie-pin-95.jpg,681873268522010352,Collage of detox smoothie images featuring detox smoothie recipes and green smoothies
25 Detox Smoothie Recipes with Green Smoothie Recipes You’ll Actually Enjoy,"These detox smoothie recipes bring variety to your blender routine. Expect green smoothie recipes, best green smoothie picks, and spinach smoothie blends that stay creamy and sweet. Great for healthy drinks, quick smoothies, and easy smoothie recipes that support steady healthy lifestyle habits.",https://gatheringdreams.com/detox-smoothie-recipes/,https://danielepemy.github.io/GDautoTW/images/detox-smoothie-pin-96.jpg,681873268521602503,Collage of detox smoothie images featuring detox smoothie recipes and green smoothies
"My 25 Favorite Detox Smoothies for When I Need a Quick, Healthy Reset","I like having an easy reset that still tastes great. This list includes detox smoothie recipes, smoothie diet friendly blends, and green smoothie options that feel refreshing. They’re quick smoothies that double as health drinks and help my healthy lifestyle habits stay consistent.",https://gatheringdreams.com/detox-smoothie-recipes/,https://danielepemy.github.io/GDautoTW/images/detox-smoothie-pin-97.jpg,681873268520666744,Collage of detox smoothie images featuring detox smoothie recipes and green smoothies
25 Detox Smoothie Recipes That Feel Like the Best Healthy Drinks Upgrade,"Upgrade your blender routine with detox smoothie recipes that taste bright and satisfying. You’ll find healthy drinks with green smoothie vibes, veggie smoothie blends, and easy smoothie recipes. Great for quick smoothies and smoothie ideas that fit a steady healthy lifestyle without fuss.",https://gatheringdreams.com/detox-smoothie-recipes/,https://danielepemy.github.io/GDautoTW/images/detox-smoothie-pin-98.jpg,681873268520641415,Collage of detox smoothie images featuring detox smoothie recipes and green smoothies
I Collected 25 Detox Smoothies That Make My Healthy Lifestyle Feel Easier,"I love how simple these detox smoothie recipes are to keep up with. This roundup includes green smoothie recipes, quick smoothies, and healthy drinks with fruity flavor plus greens. They’re my favorite health smoothies for staying consistent with healthy lifestyle habits, even on busy weeks.",https://gatheringdreams.com/detox-smoothie-recipes/,https://danielepemy.github.io/GDautoTW/images/detox-smoothie-pin-99.jpg,681873268520652475,Collage of detox smoothie images featuring detox smoothie recipes and green smoothies
