board_id,name
681873268521137033,15-Minute Meals 
681873268521137035,30-Minute Dinner Recipes 
681873268520622952,Easy Dinner Recipes 
681873268520652475,Gathering Food 
681873268521714857,Gluten Free Recipes 
681873268521166186,Healthy Meal Prep For The Week 
681873268520622949,Healthy Recipes  
681873268522075204,High Protein Recipes 
681873268520622951,Lunch Recipes 
681873268520985783,Meal Prep For The Week 
681873268520732413,Meal Prep Ideas 
681873268521602503,Summer Recipes 
681873268520670249,Vegan Recipes 
681873268520666744,Vegetarian Recipes 
